code,name
6543,J-日宣
3478,R-森トラストホテル
1485,MXS J積極投資
3975,AOI TYO HD
1486,上場米債ヘッジなし
3974,J-TBCSCAT
6541,M-グレイス
3970,M-イノベーション
3968,J-セグエ
7192,J-日本モーゲージS
6538,M-キャリアインデ
3475,J-グッドコムA
2065,日本株配当貴族ETN
3550,M-スタジオアタオ
3267,M-フィルカンパニー
1438,岐阜造園
6535,M-アイモバイル
7190,マーキュリア
1480,企業価値ETF
3965,J-CAP
6534,DACHD
3963,M-シンクロ・フード
3961,M-シルバーエッグ
3962,M-チェンジ
3547,M-串カツ田中
3473,R-さくら総合リート
6532,M-ベイカレント
3546,ダイユーリックHD
3544,サツドラHD
1483,iS設備人材
3471,R-三井不ロジパーク
3470,R-マリモリート
3469,J-デュアルタップ
2066,東証リートETN
1484,DIAM設備人材投資
1482,iS米国債七十円へジ
6197,ソラスト
3543,コメダ
3542,M-VEGA
6193,M-バーチャレクス
2452,P-CMIND
7187,M-ジェイリース
3540,P-Ciメディカル
3541,M-農業総合研究所
1478,iSMSCI高配当
1477,iSMSCI最小分散
1475,iSTOPIX
7778,P-アドメテック
1571,日経インバETF
1357,日経ダブルインバース
1403,大生産業
1697,大豆ETF
1695,小麦ETF
1694,ニッケルETF
1693,銅ETF
1692,アルミETF
1690,原油ETF
1689,ガスETF
1687,アグリETF
1685,エナジーETF
1684,商品ETF
1676,キンゾクETF
1675,パラジETF
1674,プラチナETF
3039,P-碧
3539,ジャパンミート
3468,R-スターアジア
6070,キャリアリンク
3504,丸八ホールディングス
6192,M-HyAS&Co.
1598,RNFI ETF
1472,J400ダブルインバ
1471,J400インバ
1470,J400レバ
8227,しまむら
2296,伊藤ハム米久HD
6191,M-エボラブルアジア
3922,M-PRTIMES
1469,400ベア2倍
1468,JPX日経400ベア
8276,平和堂
3287,R-星野
3934,M-ベネフィットJ
3538,J-ウイルプラスHD
1678,インドNIF
1560,ブルサKLCI
1559,タイSET50
1546,NYダウ30投信
3290,R-SIAリート
3933,J-チエル
9466,M-アイドマMC
6190,M-PXB
6189,M-グローバルG
3467,J-アグレ都市d
8984,R-ハウスレジ
3537,J-昭栄薬品
7184,富山第一銀行
6188,J-富士ソフトSB
9632,スバル興
4813,M-ACCESS
3159,丸善CHI
6187,M-LITALICO
9636,きんえい
3071,M-ストリーム
9425,J-日本テレホン
7850,J-総合商研
6898,J-トミタ電機
7831,ウイルコHD
3843,M-FB
3248,M-アールエイシ
2159,M-FS
6091,ウエスコHD
7623,J-サンオータス
9692,シーイーシー
4026,神島化学工業
2923,サトウ食品
7533,グリーンクロス
2679,K-GOLD
2751,J-テンポス
8842,楽天地
6757,J-OSGコーポ
1766,東建コーポ
1840,土屋HD
9444,J-トーシン
1542,純銀信託
1541,純プラ信
4627,J-ナトコ
3421,稲葉製作
3172,ティーライフ
5971,J-共和工業
3758,J-アエリア
8917,ファースト住建
7811,中本パックス
1398,SMAM Jリート
6593,J-ローヤル電機
2695,くら
1383,J-ベルグアース
3931,M-バリューゴルフ
2910,ロックフィルド
6387,サムコ
3211,太陽毛絲紡績
2198,アイ・ケイ・ケイ
7052,信貴造船所
6309,巴工業
1773,YTL
9637,オーエス
4358,TYO
3816,J-大和コン
1459,楽天225ダブルベア
4219,プラス・テク
3309,R-積水ハウスリート
6179,P-WBFリゾート沖
8957,R-東急RE
1633,不動産
1631,銀行・17
1630,小売
1628,運輸物流
1627,電力ガス
1625,電機精密
1624,機械
1623,鉄鋼非鉄
1622,自動車
1621,医薬品
1620,素材化学
3246,J-コーセーRE
1619,建設資材
1618,エネ資源
1615,銀行
1312,RN小型コア投信
1311,TOPIX30
9627,アインHD
2391,J-プラネット
7488,ヤガミ
8968,R-福岡
6336,石井表記
1319,F-300投信
1612,ETF・銀行
1320,ETF・225
1356,TPダブルインバース
4707,J-キタック
7986,J-日本アイエスケイ
6778,アルチザ
3456,P-TSON
2030,iVIX短
2029,iVIX中
2028,i畜産物
2027,iソフト
2026,i穀物
2025,iアグリ
2024,iエネルギー
1328,金連動投信
1325,ボベスパ
1309,上証50連動投信
4699,J-ウチダエスコ
4669,J-ニッパンR
7531,J-清和中央
5184,ニチリン
3298,R-インベスコ
1563,マザーズコア
1551,JASDAQ20
8147,J-トミタ
9621,建設技研
7726,黒田精工
3083,J-シーズメン
6669,J-シーシーエス
6238,フリュー
3675,M-クロスマーケ
2492,インフォマート
3919,パイプドHD
4641,アルプス技
2586,M-フルッタフルッタ
3548,バロック
2144,J-やまねメディカル
9664,御園座
6464,ツバキ・ナカシマ
2703,J-日本ライトン
1844,大盛工
2160,M-GNI
9994,やまや
1841,J-サンユー建設
2777,J-カッシーナ
8011,三陽商
2673,J-夢みつけ隊
8113,ユニチャーム
5187,クリエート
7494,コナカ
7264,J-MURO
2179,J-成学社
6592,マブチモーター
2874,ヨコレイ
2154,トラスト・テック
8123,J-川辺
6800,ヨコオ
4578,大塚HD
1884,日道路
7984,コクヨ
6620,宮越HD
6013,タクマ
4620,藤倉化
2916,J-仙波糖化
5269,日コンクリ
4631,DIC
9797,大日本コン
9702,アイエスビー
9672,都競馬
9639,J-三協フロンテ
9539,京葉瓦斯
9470,学研HD
9362,兵機海運
8912,エリアクエスト
8885,J-ラ・アトレ
8795,T&DHD
8570,イオンFS
8336,武蔵野銀
9605,東映
8107,キムラタン
8093,極東貿易
7958,天馬
7825,ダンロップス
7781,J-平山
7762,シチズンHD
7305,新家工
7291,日プラスト
7183,M-あんしん保証
6926,OKAYA
6863,J-ニレコ
6789,ローランドDG
6728,アルバック
6619,WSCOPE
6463,TPR
6433,J-ヒーハイスト
6428,オーイズミ
6340,渋谷工
6314,J-石井工研
7182,ゆうちょ銀行
6178,日本郵政
6033,M-エクストリーム
5915,駒井ハルテク
5304,SECカーボン
4748,J-構造計画
7922,J-三光産業
4667,J-アイサンテクノロ
4633,サカタインクス
4594,M-グリーンペプタイ
4585,M-UMN
4574,大幸薬品
4365,J-松本油脂
4248,竹本容器
2884,M-ヨシムラフードH
4224,ロンシール工
4047,関電化
3865,北越紀州
3747,インタートレード
3734,M-インテアHD
3708,特種東海
3694,オプティム
7827,J-オービス
3672,オルトプラス
3355,クリヤマHD
3150,J-グリムス
3088,マツモトキヨシ
2911,旭松食品
2790,J-ナフコ
2587,サントリーBF
2499,日本和装
1617,食品
2311,J-エプコ
2286,林兼産
2212,山崎パン
2162,J-nms
1827,ナカノフドー
4848,フルキャストHD
9408,J-新潟放送
7927,J-ムトー精工
7425,J-初穂商事
5997,J-協立エアテク
4347,J-ブロードメディア
3944,古林紙工
6637,J-寺崎電気
4234,J-サンエー化研
2498,J-ACKG
1954,日工営
9850,グルメ杵屋
9726,KNTCT
7878,J-光彩工芸
9707,J-ユニマットRC
9468,カドカワ
9441,J-ベルパーク
9386,J-日本コンセプト
8594,中道リース
8191,J-光製作所
7814,J-日本創発G
7271,安永
6890,J-フェローテック
6661,J-OPTEX FA
6411,J-中野冷機
6254,J-野村マイクロ
6054,リブセンス
5957,日東精工
4819,J-Dガレージ
4245,ダイキアクシス
3913,M-sMedio
3679,M-じげん
3302,帝繊維
3288,オープンハウス
3241,ウィル
3238,セントラル総
3187,M-サンワカンパニー
3135,M-マーケットエンタ
2580,コカ・コーラEJ
2181,テンプHD
1999,サイタHD
1718,J-美樹工業
9713,ロイヤルホテル
4997,日農薬
9373,ニッコウトラベ
8995,誠建設
8089,すてきN
8072,J-日出版貿
7217,J-テイン
6834,J-精工技研
1568,TPレバレッジダブル
6824,J-新コスモス
6633,J-C&GSYS
6424,J-高見サイ
6378,木村化工
6342,太平製作所
4764,J-デジタルデザイン
3825,M-REMIX
3600,フジックス
3445,RSTECH
3394,NVC
3359,M-タイセイ
2608,ボーソー油
2196,エスクリ
9964,J-アイテック
5721,エス・サイエンス
4845,フュージョン
3911,M-Aiming
2427,アウトソシング
6531,M-リファインバース
2323,J-fonfun
5941,中西製作所
3346,21LADY
3047,Q-トラックワン
2694,J-Gテイスト
3096,J-オーシャン
6817,スミダ
3663,アートスパーク
3444,J-菊池製作所
3976,M-シャノン
1408,J-サムシングHD
5277,J-スパンクリート
6376,日機装
4772,J-デジタルアドベ
3914,M-JIG-SAW
3416,M-ピクスタ
6616,トレックスセミ
6407,CKD
1824,前田建
4274,J-細谷火工
3089,J-テクノアルファ
1795,J-マサル
1963,日揮
4613,関ペイント
9942,ジョイフル
6031,M-サイジニア
9384,内外トランスライン
2763,J-エフティグループ
9908,J-日本電計
7966,リンテック
4624,イサム塗料
4619,日特塗料
4119,日ピグメン
3853,M-インフォテリ
1810,松井建
6326,クボタ
9701,東京会館
9012,J-秩父鉄道
8007,高島
7721,東京計器
7567,J-栄電子
7255,J-桜井製作
6989,北電工業
6846,中央製
6517,デンヨー
6365,電業社
6131,浜井産
5121,藤倉ゴム
4671,ファルコHD
1879,新日本建
8145,中部水
9854,愛眼
9674,花月園
9633,テアトル
9610,J-ウィルソンWLW
9407,RKB毎日HD
9308,乾汽船
9052,山陽電鉄
8835,太平洋発
8600,トモニHD
8515,アイフル
8215,J-銀座山形
8105,堀田丸正
8041,OUG HD
7999,MUTOH-HD
7952,河合楽器
7812,J-クレステック
7734,理計器
7711,J-助川電気
7602,カーチスHD
7523,J-アールビバン
7254,ユニバンス
7169,J-ニュートンFC
6918,J-アバール
6870,日本フェンオール
6815,ユニデンHD
4595,J-ミズホメディー
6704,岩崎通
6440,JUKI
3474,M-G-FAC
2820,J-やまみ
6393,油研工
6383,ダイフク
6380,オリチエン工業
6358,酒井重
6357,三精テクノロジーズ
6351,鶴見製
6141,DMG森精機
6140,旭ダイヤ
6125,岡本工機
6090,M-HMT
6065,サクセスHD
5935,J-元旦
5302,日カーボン
4588,M-オンコリスバイオ
4221,大倉工
4097,高圧ガス
4093,邦アセチレン
4028,石原産
3950,ザ・パック
3928,M-マイネット
3880,大王紙
6316,丸山製
3847,J-パシフィックS
3798,J-ULSグループ
3690,M-ロックオン
3628,M-データHR
3578,倉庫精練
3515,J-フジコー
3435,サンコーテクノ
1663,K&Oエナジー
3306,日製麻
3293,J-アズマハウス
3133,M-海帆
2924,イフジ産業
3524,日東網
2501,サッポロHD
2156,J-セーラー広告
1975,朝日工
1866,北野建
1808,長谷工
1782,J-常磐開発
1491,中外鉱
1414,ショーボンド
7228,J-デイトナ
6666,J-リバーエレテク
6310,井関農
6258,J-平田機工
2708,J-久世
9631,東急レク
2917,J-大森屋
2055,日和産業
9695,J-鴨グランド
9540,中部瓦斯
9363,大運
8148,上原成商事
7746,J-岡本硝子
6904,J-原田工業
6626,J-SEMITEC
6414,J-川重冷熱
6294,オカダアイヨン
6286,J-靜甲
1439,J-安江工務店
6134,富士機
8023,大興電通
5753,日伸銅
4979,OATアグリオ
4406,新日本理化
3794,NDソフトウェア
3712,情報企画
3261,M-グラン
2146,J-UT GROUP
3329,J-東和フード
1860,戸田建
9791,ビケンテクノ
3283,R-プロロジ
8596,九州リースサービス
8424,芙蓉リース
7877,J-永大化工
7456,松田産
8881,日神不
7235,東ラヂエタ
3773,M-AMI
6791,コロムビア
6462,リケン
7888,J-三光合成
7990,グローブライド
6397,郷鉄工所
5964,洋刃物
5945,J-天龍製鋸
3937,M-AWSHD
6459,大和冷機
4240,J-クラスターT
7901,J-マツモト
4571,M-ナノキャリア
3710,J-ジョルダン
8014,蝶理
3583,オーベクス
3189,J-ANAP
3443,川田TECH
1848,富士ピー・エス
1815,鉄建建設
7191,M-イントラスト
5819,カナレ電気
1762,高松G
7575,J-日本ライフL
7248,カルソカンセ
5711,三菱マ
6466,東亜バル
1434,JESCO HD
7462,J-ダイヤ通商
3948,J-光ビジネス
1358,上場日経2倍
6513,オリジン電
9062,日通
1764,工藤建設
3774,IIJ
6165,パンチ
4524,仁丹
5952,アマテイ
2342,M-トランスG
1400,J-ルーデン
8245,丸栄
5189,桜ゴム
9537,北陸瓦斯
2929,M-ファーマF
8098,稲畑産
5352,黒崎播磨
7887,南海プライウッド
6317,北川鉄
1670,MXS三菱
5161,西川ゴム
3652,M-DMP
4218,ニチバン
8217,オークワ
9359,伊勢湾海
6425,J-ユニバーサル
8830,住友不
7562,安楽亭
3647,ジー・スリーHD
6982,リード
8057,内田洋行
8698,マネックスG
6461,日ピストン
9890,J-マキヤ
9616,共立メンテ
9855,くろがや
6292,カワタ
9423,J-フォーバルRS
5458,高砂鉄
9081,神奈中交
8358,スルガ銀
1696,コーンETF
2674,ハードオフ
7244,市光工
8090,昭光通商
8050,セイコーHD
7912,大日印
7743,シード
7625,Gダイニング
3065,J-ライフフーズ
7413,J-創健社
6402,兼松エンジニア
7208,カネミツ
6850,チノー
3424,J-ミヤコ
6722,J-A&T
3093,トレファク
6678,テクノメディカ
6361,荏原製
3140,J-イデアインター
5955,ヤマシナ
4820,EMシステムズ
5852,アーレスティ
7911,凸版印
5408,中山鋼
5233,太平洋セメ
4985,アース製薬
4642,オリジナル設
4628,J-エスケー化研
8159,立花エレ
4246,DNC
3834,朝日ネット
3784,J-ヴィンクス
6158,J-和井田
3131,J-シンデンハイテク
2384,SBSHD
2201,森永菓
6879,イマジカロボットHD
2009,鳥越粉
3385,薬王堂
1968,太平電
5271,トーヨーアサノ
7760,J-IMV
5939,J-大谷工業
3597,自重堂
2321,J-ソフトフロントH
8136,サンリオ
9776,J-札臨
8513,中証金
7294,ヨロズ
7521,J-ムサシ
7417,南陽
6418,日金銭
6269,三井海洋
6339,新東工
6208,石川製
1330,上場225
5212,J-不二硝子
5191,住友理工
4100,戸田工
3121,マーチャント
2877,J-日東ベスト
2483,J-翻訳センター
2284,伊藤ハム
4681,リゾートトラ
8721,VR証券投資法人
7729,東精密
9746,TKC
6237,イワキポンプ
7552,ハピネット
3622,M-ネットイヤー
6444,サンデンHD
4116,大日精化
4334,J-ユークス
4115,本州化
1367,大和TPXダブル
7928,J-旭化学
3001,片倉
2186,J-ソーバル
7907,大日木防
4925,J-HABA
1569,トピックスインバース
8114,デサント
7823,アートネイチャー
2349,J-エヌアイデイ
3954,J-PAXXS
7241,フタバ産
1717,J-明豊ファシリ
2337,いちご
8891,エムジーホーム
9041,近鉄GHD
9369,キユソ流通
7587,PALTEK
4247,ポバール興業
6239,J-ナガオカ
2207,名糖産
2191,J-テラ
1992,J-神田通機
6895,ダイヤモンド電機
3331,J-雑貨屋BL
9987,スズケン
5742,J-NIC
1890,東洋建
9063,岡県運送
5713,住友鉱
7266,今仙電機
9757,船井総研HD
7860,エイベックス
8379,広島銀
4736,J-日本ラッド
6099,エラン
4837,J-シダックス
7455,三城HD
2700,J-木徳神糧
8207,テンアライド
7458,第一興商
6677,J-エスケーエレク
6328,荏原実業
3143,オーウイル
1711,省電舎
3787,M-テクノマセ
2702,J-マクドナルド
2291,福留ハム
1787,J-ナカボーテック
7637,白銅
3778,さくらインターネット
6636,J-SOLHD
6420,福島工業
7820,ニホンフラッシュ
5984,兼房
7442,中山福
4523,エーザイ
9869,加藤産業
3472,R-大江戸温泉
9319,中央倉庫
8108,ヤマエ
8524,北洋銀行
6907,J-ジオマテック
6839,船井電機
5695,J-パウダテック
4775,総合メディ
3409,北日本紡績
3289,東急不HD
8914,M-エリアリンク
7441,Misumi
2915,ケンコーマヨ
5979,カネソウ
2344,J-平安レイ
1720,東急建設
4656,J-サン・ライフ
3923,M-ラクス
8244,近鉄百貨店
7480,スズデン
3607,クラウディア
6430,ダイコク電
1738,NITTOH
7212,エフテック
6177,M-AppBank
7308,ツノダ
4231,タイガーポリ
9830,トラスコ中山
6081,M-アライドアーキ
5210,日山村硝
8303,新生銀
6745,ホーチキ
6972,エルナー
3877,中越パル
6485,前沢給装
6853,共和電
9533,東邦瓦斯
6247,日阪製作
5986,モリテック
5958,三洋工
6439,中日鋳工
1846,鈴縫工
6055,Jマテリアル
8044,大都魚
4814,J-ネクストウェア
9943,J-ココス
9025,鴻池運輸
9364,上組
8999,グランディ
4999,セメダイン
9766,コナミ HD
8056,日ユニシス
8870,住友販売
8804,東建物
8360,山梨中銀
8397,沖縄銀
8088,岩谷産
5337,ダントーHD
7634,J-星医療
3799,キーウェア
7202,いすゞ自
1629,商社卸売
7180,九州FG
6155,高松機械
8103,明和産
5999,J-イハラサイエンス
5707,東邦鉛
5614,川金HD
5912,OSJBHD
4350,メディシス
3454,M-Fブラザーズ
5335,深川磁
6356,日ギア
5162,J-朝日ラバー
4770,図研エルミック
2204,中村屋
3656,KLab
6901,沢藤電
3604,川本産業
2230,P-GOYO
3458,シーアールイー
6721,ウインテスト
8345,岩手銀
3423,J-エスイー
1642,ダイワ電機
2293,J-滝沢ハム
1933,SYSKEN
5974,中国工
4094,日化学産
1699,野村原油
4565,M-SOSEI
9895,J-コンセック
1343,REIT-ETF
7863,J-平賀
9856,ケーユーHD
9810,日鉄住金物産
3064,MRO
5237,ノザワ
7614,J-オーエムツー
8038,東都水
4783,J-日ダイナミク
1737,MESCO
1935,TTK
4696,ワタベ
7467,萩原電気
9896,JKHD
3123,サイボー
9763,丸紅リース
8399,琉球銀
7427,エコーTD
2220,亀田菓
4572,J-カルナバイオ
6495,宮入バル
6507,シンフォニア
9475,昭文社
8922,M-JAM
3195,M-ジェネパ
8396,十八銀
8869,明和地所
2107,洋糖
7937,ツツミ
7919,野崎印
7538,大水
3092,スタートトゥ
6406,フジテック
8542,トマト銀
6379,新興プラン
6300,アピクヤマダ
6156,J-エーワン精密
5715,古河機金
6743,大同信号
5192,三星ベルト
4409,東邦化
4708,りらいあ
9613,NTTデータ
4007,日化成
2899,永谷園HD
4779,ソフトブレーン
2264,森永乳
1826,佐田建
1885,東亜建
1662,石油資源
7249,尾張精機
1458,E-楽天ETF
8051,山善
2918,わらべや
1565,日経カバコ
1936,シーキューブ
6540,船場
5704,M-JMC
6896,北川工
7448,ジンズメイト
4331,T&Gニーズ
3918,PCIHD
1965,テクノ菱和
9902,日伝
9783,ベネッセHD
9729,トーカイ
7508,GセブンHD
3662,エイチーム
9070,トナミHD
4519,中外薬
9034,J-南総通運
8747,J-豊商事
1540,E-三菱UFJ信託
8772,アサックス
8562,福島銀
6938,双信電機
8418,山口FG
8393,宮崎銀
7621,J-うかい
8385,伊予銀
1394,UBS先進国株
4528,小野薬
8337,千葉興銀
4275,カーリットHD
8226,理経
8153,モスフード
2209,井村屋G
8144,電響社
8118,キング
8022,ミズノ
3723,M-ファルコム
7914,共同印
3657,ポールHD
6363,酉島製
7905,大建工
3905,M-データセクション
7885,タカノ
6770,アルプス電
7702,JMS
7416,はるやまHD
6037,M-ファーストロジ
7315,IJTT
3739,コムシード
7273,イクヨ
9845,パーカー
1768,ソネック
7236,ティラド
6384,J-昭和真空
7164,全国保証
9381,エーアイテイー
9402,中部日本放送
8850,スターツ
6779,日電波
6405,J-鈴茂器工
2401,OMソーラー
6998,日タングス
6293,日精樹脂
6250,やまびこ
3466,R-ラサールロジ
5947,リンナイ
3291,飯田GHD
5602,栗本鉄
9867,J-ソレキア
6248,J-横田製作所
2819,エバラ食品工業
5541,大平洋金
5011,ニチレキ
4977,ニッタゼラチン
4540,ツムラ
6584,三桜工
8787,J-UCS
4223,太平化
2907,あじかん
1348,MXSトピクス
3910,J-エムケイシステム
3395,サンマルクHD
3322,J-アルファG
2454,J-オールアバウト
3082,きちり
9361,伏木運
2919,マルタイ
3010,価値開発
2897,日清食HD
2675,ダイナック
2450,一休
1743,コーアツ工業
1382,J-ホーブ
9913,J-日邦産業
3828,ニフティ
7955,クリナップ
4502,武田薬
8367,南都銀
5331,ノリタケ
4636,T&KTOKA
4349,テスク
2814,J-佐藤食品
5983,J-イワブチ
2469,J-ヒビノ
3138,M-富士山マガジン
7647,音通
7599,IDOM
6804,ホシデン
4994,大成ラミック
6203,豊和工
1951,協エクシオ
8938,J-LCHD
2812,焼津水
8563,大東銀
1592,上場JPX日経400
8115,ムーンバット
7898,ウッドワン
7868,広済堂
7609,ダイトロン
2270,雪印メグ
6919,J-ケル
6855,電子材料
6844,新電元
3085,ALサービスHD
6675,サクサ
6171,土木管理総合試験所
6338,タカトリ
5387,J-チヨダウーテ
6287,サトーHD
6176,M-ブランジスタ
6029,M-アトラ
9793,ダイセキ
8074,ユアサ商
9474,ゼンリン
5660,神鋼鋼線
4587,ペプチドリーム
4570,J-免疫生物研究所
4768,大塚商会
3111,オーミケンシ
8228,マルイチ産商
9042,阪急阪神
2206,グリコ
2773,J-ミューチュアル
2475,WDB
2458,J-夢テクノロジー
8836,J-RISE
2435,J-シダー
2195,J-アミタHD
3042,J-セキュアヴェイル
7989,立川ブライ
1981,J-協和日成
1380,J-秋川牧園
8361,大垣銀
7593,VTHD
7895,J-中央化学
8091,ニチモウ
7185,J-ヒロセ通商
9193,東汽船
7822,永大産業
7722,J-国際計測
6957,J-芝浦電子
6894,パルステック
6889,J-オーデリック
1691,ガソリンETF
4963,星光PMC
3350,J-RED
9739,NSW
9048,名鉄
6776,天昇電
3660,アイスタイル
6276,J-ナビタス
6246,テクノスマート
7972,イトーキ
5998,アドバネクス
5902,ホッカンHD
2327,NSSOL
5122,オカモト
5002,昭和シェル
6416,J-桂川電機
4364,マナック
4323,日シス技術
6333,帝国電機
4319,TAC
4064,カーバイド
9643,中日興
4025,多木化学
6835,アライドHD
3945,スパバック
4005,住友化
3856,M-リアルコム
6098,リクルートHD
3372,M-関門海
3939,M-カナミックN
3685,M-みんなのWED
1870,矢作建
1435,M-インベスターズC
7597,J-東京貴宝
6797,名古屋電
1730,J-麻生フオーム
6060,J-こころネット
1925,大和ハウス
7021,ニッチツ
3754,J-エキサイト
9436,J-沖縄セルラー
9849,J-共同紙
6742,京三製
4061,デンカ
5288,アジアパイルHD
3836,J-アバント
6467,J-ニチダイ
3895,J-ハビックス
6630,ヤーマン
7476,アズワン
9699,西尾レントオール
9006,京急
9790,福井コンピ
6670,MCJ
3768,J-リスクモンスター
3107,ダイワボHD
1793,J-大本組
6180,M-GMOメディア
4062,イビデン
1898,世紀東急
8854,日住サービス
6716,J-テクニカル電
3147,J-リック
6322,タクミナ
4559,ゼリア新薬
5994,ファインシンター
4541,日医工
5208,有沢製
6856,堀場製
9704,アゴーラHG
5988,パイオラックス
7917,藤森工業
5009,富士興産
4809,パラカ
6390,加藤製
8584,ジャックス
6026,M-GMOTECH
9984,ソフトバンクグループ
1364,iSJPX日経400
9880,イノテック
3392,デリカフーズ
3386,J-コスモ・バイオ
4187,大有機化
9057,J-遠州トラック
7270,富士重
3023,ラサ商事
4188,三菱ケミHD
5343,ニッコー
8703,KABU.COM
3861,王子HD
7105,ニチユ三菱
7011,三菱重
4281,J-DAC
1306,TOPIX投
4312,サイバネット
3254,プレサンス
1952,新日空調
4220,リケンテクノス
9728,日本管財
8728,M2HD
9476,J-中央経済社HD
8593,三菱Uリース
3571,ソトー
7906,ヨネックス
7947,エフピコ
2653,J-イオン九州
8333,常陽銀
6937,古河電池
6647,森尾電
6927,ヘリオステクノH
5940,不二サッシ
9306,東陽倉
6076,アメイズ
3841,J-ジーダット
5930,文化シヤター
5289,ゼニス羽田
2813,J-和弘食品
3031,M-ラクーン
9967,堺商事
7003,三井造
5446,北越メタル
1788,J-三東工業
9514,FESCO
9405,朝日放送
9432,NTT
9401,TBSHD
9031,西鉄
7775,大研医器
8425,興銀リース
2217,モロゾフ
4241,J-アテクト
1904,J-大成温調
5286,武井工業
9819,スーパ大栄
7938,J-リーガル
4649,大成
7628,オーハシテクニカ
7518,ネットワン
4952,SDSバイオ
7251,ケーヒン
6871,日マイクロニクス
6767,ミツミ電
6291,エアーテック
9769,学究社
6028,テクノプロHD
7957,フジコピアン
5801,古河電工
5741,UACJ
5351,品川リフラ
9681,東京ドーム
4634,洋インキHD
5013,ユシロ化
4337,ぴあ
6618,M-大泉製
6367,ダイキン工
4008,住友精化
3183,ウイン・パートナーズ
2602,日清オイリオ
9435,光通信
2173,J-博展
4839,WOWOW
1811,銭高組
2440,ぐるなび
3209,カネヨウ
6622,ダイヘン
3452,M-ビーロット
8354,ふくおか
3635,コーエーテクモ
7250,太平洋工
6822,J-大井電気
4202,ダイセル
2022,i貴金属
2497,M-UNITED
4734,J-ビーイング
9827,J-リリカラ
4508,田辺三菱
1865,青木あす
5697,サンユウ
8416,高知銀行
9010,富士急
1606,海洋掘削
3224,M-Gオイスター
8032,紙パル商
6902,デンソー
3401,帝人
4517,ビオフェルミン
5380,J-新東
6201,豊田織
4021,日産化
7486,J-サンリン
2145,J-データリンクス
7444,ハリマ共和物産
8994,レキオス
8015,豊田通商
6071,IBJ
7923,J-トーイン
3753,フライト
6368,オルガノ
9355,リンコー
9428,クロップス
4403,日油
7838,共立印刷
2121,M-ミクシィ
6731,ピクセラ
7282,豊田合
7705,GLサイエンス
9857,英和
4927,ポーラオルHD
2667,J-イメージワン
8365,富山銀行
1821,三住建設
9671,よみランド
9067,丸運
8111,ゴルドウイン
7991,マミヤオーピー
7913,図書印
8713,フィデアHD
7703,川澄化工
7817,パラベッド
3420,ケー・エフ・シー
7280,ミツバ
6869,シスメックス
6445,蛇の目
7834,J-マルマン
6436,アマノ
3055,ほくたけ
6417,SANKYO
5358,イソライト工業
5923,高田機工
2402,M-アマナ
9076,セイノーHD
4512,わかもと
8536,東日本銀
4201,日本合
9005,東急
4186,東応化
3857,J-ラック
4107,伊勢化
3947,ダイナパック
3079,DVx
4591,M-リボミック
2611,摂津製油
3633,J-GMOペパボ
7525,リックス
2385,M-総医研
1733,電子システム
1799,J-第一建設
7875,竹田印
5384,FUJIMI
7243,シロキ
8012,長瀬産
8977,R-阪急
3465,ケイアイスター不動産
8125,ワキタ
9479,インプレス
6651,日東工
3920,M-アイビーシー
2049,VIXベアETN
8377,ほくほく
7447,ナガイレーベ
2046,インドブルETN
8423,アクリーティブ
2042,マザーズETN
8364,清水銀
2041,NYダウベアETN
2040,NYダウブルETN
2039,原油ベア
2036,金ブル
3174,J-ハピネス&D
2034,KOSPIベア
6032,インターワークス
3852,サイバーコム
2032,ハンセンベア
1897,金下建設
6709,明星電
4183,三井化学
9878,セキド
4295,フェイス
2905,J-オーケー食品
2117,日新製糖
9351,洋埠頭
3683,サイバーリンクス
6644,大崎電
2037,金ベア
4584,M-GTS
6470,大豊工業
3336,ダッツ
6121,滝澤鉄
5966,京都機械工具
1813,不動テトラ
5992,中央発条
5820,J-三ッ星
9008,京王
6995,東海理電
6022,赤阪鉄
9619,イチネンHD
2134,J-サンキャピタル
8530,中京銀
1397,SMAM225
8256,J-プロルート
8255,アクシアル
4726,ソフトバンテク
8101,GSIクレオス
7985,ネポン
1643,ダイワ情報
7419,J-ノジマ
6218,エンシュウ
7274,ショーワ
7238,曙ブレーキ
9706,日空ビル
6796,クラリオン
9832,オートバックス
6409,キトー
4120,スガイ化学工業
4966,上村工業
6205,OKK
3626,TIS
8966,R-平和RE
6038,M-イード
5933,アルインコ
5563,新日本電工
5406,神戸鋼
1888,若築建
5019,出光興産
6259,J-大崎エンジ
4968,荒川化学
1543,純パラ信
5856,東理HD
4521,科研薬
6772,コスモス電
6703,OKI
7283,愛三工
6591,西芝電
8395,佐賀銀
8382,中国銀
8334,群馬銀
7213,レシップHD
9853,J-銀座ルノア
9929,平和紙業
9962,ミスミG
8522,名古屋銀
8139,ナガホリ
9758,J-ジシステム
1828,田辺工業
8935,FJネクスト
7242,KYB
8205,J-シャクリーGG
6706,電気興
4204,積水化
7550,ゼンショーHD
4976,J-ドライルーブ
8370,紀陽銀行
1474,DIAM・JPX4百
3891,J-高度紙
5857,アサヒHD
4686,ジャストシステム
7953,菊水化学工業
7004,日立造
3397,トリドールHD
7461,J-キムラ
8960,R-ユナイテド
2332,J-クエスト
7186,コンコルディアFG
8087,フルサト
7723,愛知時
7715,長野計器
7733,オリンパス
2281,プリマハム
5542,J-新報国鉄
3245,ディア・ライフ
1722,MISAWA
9899,ジョリーパスタ
8138,三京化成
9059,カンダ
2721,J-JHD
7446,J-東北化学
3844,コムチュア
6151,日東工器
6471,日本精工
8558,東和銀
6419,マースエンジ
6161,M-エスティック
6801,東光
5903,J-SHINPO
5803,フジクラ
5367,ニッカトー
4583,M-カイオム
4547,キッセイ薬
4341,西菱電機
3433,トーカロ
2371,カカクコム
2816,ダイショー
9682,DTS
4626,太陽HD
6163,J-H&F
9768,いであ
5936,洋シヤター
3545,M-デファクト
7615,京都友禅
5491,日本金属
7012,川崎重
4351,J-山田債権
1867,植木組
6715,ナカヨ
3003,ヒューリック
4924,シーズHD
9107,川崎船
7747,アサヒインテック
9104,商船三井
7862,トッパンフォー
5929,三和HD
1971,中央ビルト
4616,川上塗料
2796,ファーマライズHD
5202,板硝子
8059,第一実業
3104,富士紡HD
9370,郵船ロジ
9991,ジェコス
8877,エスリード
8281,ゼビオHD
8274,東武ストア
4687,TDCソフト
9324,安田倉
5194,相模ゴム
6994,指月電
5851,リョービ
9843,ニトリHD
5464,モリ工業
6996,ニチコン
5440,共英製鋼
4568,第一三共
4617,中国塗料
2330,J-フォーサイド
3041,M-ビ花壇
9133,J-東栄リーファ
6912,J-菊水電子
9887,松屋フーズ
9720,J-ニューグランド
9311,アサガミ
4189,KHネオケム
6184,M-鎌倉新書
9119,飯野海
8388,阿波銀
1599,大和JPX日経400
8343,秋田銀
7517,黒田電
6144,西部電機
5703,日軽金HD
1853,森組
4762,XNET
4471,三洋化成
3512,日フエルト
2002,日清粉G
2267,ヤクルト
2053,中部飼料
9748,エヌジェーケー
1310,ETF・コア30
6249,J-GCジョイコHD
8369,京都銀
8096,兼松エレク
7475,アルビス
3936,M-グローバルウェイ
8803,平和不
2047,インドベアETN
6408,J-小倉クラッチ
3434,アルファCo
6325,タカキタ
7426,J-山大
6268,ナブテスコ
3666,テクノスジャパン
2109,三井製糖
1835,東鉄工
9760,進学会
4970,J-東洋合成
6166,M-中村超硬
4615,神東塗料
5959,岡部
6924,岩崎電
6059,ウチヤマHD
7943,ニチハ
2301,学情
6736,J-サン電子
7150,島根銀行
2433,博報堂DY
9919,関西スーパ
4553,東和薬品
3952,中央紙器
9882,イエローハット
5332,TOTO
9866,マルキョウ
9795,ステップ
3641,J-パピレス
3182,M-オイシックス
9761,東海リース
9715,トランスコスモス
4006,チッソ
9608,J-福山コンサル
9511,沖縄電力
9001,東武
9509,北海電力
6113,アマダHD
9422,コネクシオ
9201,JAL
9021,JR西
1393,UBS米国株
8554,南日本銀
9009,京成
8729,ソニーFH
8325,北越銀
8283,PALTAC
8132,シナネンHD
7516,コーナン商
3695,M-GMOリサーチ
8084,菱電商
8247,大和
8005,スクロール
7942,JSP
7939,J-研創
7920,三浦印
3935,M-エディア
7646,PLANT
7600,MDM
4629,J-大伸化学
3461,M-パルマ
7596,魚力
6195,M-ホープ
7559,J-GFC
4287,J-ジャストプラ
2169,CDS
1645,ダイワ運輸
6265,J-妙徳
7313,TSテック
7296,FCC
7267,ホンダ
7218,J-田中精密
2307,J-クロスキャット
4739,CTC
7173,東京TYFG
3417,J-大木ヘルスケア
2353,日駐
7205,日野自
7616,コロワイド
6981,村田製
6971,京セラ
8081,カナデン
6960,J-フクダ電子
3733,J-ソフトウェアS
6923,スタンレー電
6826,本多通信
4316,J-ビーマップ
6724,エプソン
6702,富士通
6624,田淵電機
1928,積水ハウス
6484,J-KVK
8200,リンガーハット
6302,住友重
2417,ツヴァイ
6301,コマツ
6659,J-メディアGL
6257,J-藤商事
7482,シモジマ
6104,東芝機
9842,アークランド
6088,M-シグマクシス
6080,M&Aキャピタル
7780,メニコン
2902,太陽化
5906,J-エムケー精工
3569,セーレン
5816,オーナンバ
2412,ベネ・ワン
5727,邦チタニウム
5724,J-アサカ理研
2345,システクアイ
5658,日亜鋼
3091,ブロンコB
8058,三菱商事
5285,J-ヤマックス
8801,三井不
7256,河西工
2875,東洋水産
5261,リソル
9755,応用地質
5012,東燃ゼネ
9416,M-ビジョン
4769,J-インフォクリエ
6364,北越工
4718,早稲アカ
7782,M-シンシア
6284,ASB機械
7277,TBK
3845,J-アイフリーク
4695,マイスター
8253,クレセゾン
9508,九州電力
4539,日ケミファ
4410,ハリマ化成G
4318,クイック
3106,クラボウ
8769,J-ARM
8410,セブン銀行
4091,大陽日酸
4237,J-フジプレアム
3849,A-NTL
9749,富士ソフト
3779,J-J・エスコムHD
6174,P-デンタス
4664,J-アールエスシー
8541,愛媛銀
3744,サイオス
1802,大林組
3686,M-DLE
3460,R-シニアリビング
3513,イチカワ
3388,明治電機
3166,OCHI・HD
7864,フジシール
7774,J-J・TEC
6382,トリニ工
3375,J-ZOA
6473,ジェイテクト
8927,J-明豊エンター
4640,J-アンドール
8923,トーセイ
3231,野村不HD
2908,フジッコ
6138,ダイジェット
4722,フューチャー
8073,J-MAGネットHD
6381,アネスト岩田
4342,セコム上
2804,ブルソース
2533,オエノンHD
9022,JR東海
2373,J-ケア21
2340,J-極楽湯HD
3277,サンセイランディック
3396,フェリシモ
3230,スター・マイカ
2148,M-ITM
8355,静岡銀
2127,日本M&A
1941,中電工
1906,J-細田工務
6490,日ピラ工
1514,住石HD
3098,ココカラファイン
6454,マックス
4044,セ硝子
7268,J-タツミ
9502,中部電力
6222,島精機
3771,J-システムリサーチ
2376,サイネックス
7220,武蔵精密
5282,ジオスター
3640,電算
6412,平和
2130,メンバーズ
9534,北海瓦斯
7816,スノーピーク
3817,SRAHD
9478,J-SE H&I
9353,桜島埠頭
8572,アコム
8341,七十七銀
3810,M-サイバーS
8543,みなと銀
8035,東エレク
3125,新内外綿
7961,兼松日産
1332,日水
2485,ティア
7896,セブン工
6502,東芝
7709,クボテック
8275,フォーバル
7297,J-カーメイト
4838,J-Sシャワー
3634,M-ソケッツ
4926,シーボン
6915,千代インテ
4990,昭和化
7527,システムソフト
7022,サノヤスHD
6914,オプテックスグループ
3076,あいHD
5105,洋ゴム
4114,日触媒
6785,鈴木
6370,栗田工
1467,JPX日経400ブル
5928,アルメタックス
5603,虹技
4644,J-イマジニア
2008,増田製粉所
3226,R-アコモF
4239,J-ポラテクノ
6542,J-FCHD
4151,協和キリン
9600,アイネット
4569,キョーリンHD
3762,テクマト
3556,M-リネットジャパン
3623,M-BS
4299,ハイマックス
3598,山喜
6763,帝通工
3352,J-バッファロー
9719,SCSK
3326,J-ランシステム
2531,宝HLD
4095,日パーカライ
6167,冨士ダイス
2352,M-エイジア
1987,ソルコム
5714,DOWA
8544,京葉銀
6375,日コンベヤ
6867,J-リーダ電子
1976,明星工業
9421,J-エヌジェイHD
7259,アイシン精機
5333,日本ガイシ
9828,元気寿司
9658,ビジ太田昭和
3577,東海染工
9628,燦HD
1324,RTS連動型投信
8152,ソマール
7981,タカラスタン
1487,上場米債ヘッジあり
9366,サンリツ
8920,東祥
8851,アーバンライフ
9404,日テレHD
2152,J-幼児活動研究会
8308,りそなHD
7240,NOK
8070,東京産
8052,椿本興
6200,M-インソース
2772,ゲンキー
7224,新明和工
6899,ASTI
9064,ヤマトHD
6737,EIZO
8209,フレンドリー
6629,J-テクノホライゾン
6493,日鍛バル
4849,J-エン・ジャパン
4506,大日住薬
7524,マルシェ
6460,セガサミーHD
1632,金融
9060,J-日ロジテム
7965,象印マホービン
5985,サンコール
7414,小野建
5480,冶金工
5185,フコク
7949,小松ウオール
6504,富士電機
5232,住友大阪
9685,J-KYCOM
4957,ヤスハラケミ
9723,京都ホテル
4828,東洋BENG
2338,ファステップス
4827,Q-BワンHD
4771,J-エフアンドエム
3960,M-バリューデザイン
4552,JCRファーマ
4526,理研ビタミン
4290,PI
7265,J-エイケン工業
4216,旭有機材
6744,能美防災
3661,エムアップ
6875,メガチップス
3190,J-ホットマン
4080,J-田中化研
6751,日無線
3835,J-eBASE
3738,ティーガイア
3648,AGS
1360,ダブルインバース日経
3318,J-メガネスーパ
2892,日食化
9624,長大
2782,J-セリア
2597,ユニカフェ
6157,J-日進工具
8062,三国商事
2491,Vコマース
9698,J-クレオ
9115,明治海
2410,キャリアDC
3237,M-イントランス
2183,リニカル
1950,日本電設
1948,弘電社
8030,中央魚
8860,フジ住宅
9829,J-ながの東
5334,日特殊陶
3028,アルペン
9082,大和自交
2151,タケエイ
8160,木曽路
9960,J-東テク
9513,Jパワー
9020,JR東
9049,京福電鉄
8270,ユニーGHD
7732,トプコン
5901,洋缶HD
7727,オーバル
6663,J-太洋工業
8065,佐藤商
6533,M-DigitalI
5970,ジーテクト
7867,タカラトミー
7539,J-アイナボHD
5921,川岸工
9930,北沢産業
4658,日本空調
3313,ブックオフ
2815,アリアケ
3194,キリン堂HD
9368,キムラユニティー
5807,東特電線
4554,富士製薬
2229,カルビー
4685,J-菱友システム
6063,J-EAJ
4112,保土谷化
5010,日精蝋
2163,J-アルトナー
4716,日本オラクル
3075,J-銚子丸
9437,NTTドコモ
8342,青森銀
4709,ID
1352,ホウスイ
6976,太陽誘電
5196,鬼怒ゴム
5987,J-オーネックス
7284,盟和産
4962,互応化学工業
2737,トーメンデバ
7571,J-ヤマノHD
7839,SHOEI
3275,J-ハウスコム
4215,タキロン
4995,サンケイ化
8344,山形銀
5481,山陽特鋼
6472,NTN
7477,J-ムラキ
1578,上場225M
1983,東芝プラ
3154,J-メディアスHD
8040,東ソワール
3681,ブイキューブ
3086,Jフロント
9759,NSD
6347,J-プラコー
1969,高砂熱
6945,富フロンテック
7606,Uアローズ
2315,J-SJI
1436,M-フィット
5104,日東化工
4550,日水薬
7512,イオン北海
3804,J-システム ディ
6279,瑞光
8252,丸井G
3173,大阪工機
6199,M-セラク
1777,川崎設備
6505,東洋電
9656,グリーンランド
1899,福田組
9037,ハマキョウ
4228,積水化成
6773,パイオニア
4366,ダイトケミクス
6159,J-ミクロン精密
8871,ゴールドクレ
3391,ツルハHD
8242,H2Oリテイル
3932,M-アカツキ
8117,中央自動車工業
3048,ビックカメラ
6973,協栄産
7893,プロネクサス
3955,イムラ封筒
6955,FDK
4355,J-ロングライフHD
6954,ファナック
6634,J-ネクスG
6836,プラット
8798,アドバンスクリエイト
6590,芝浦
1557,SPDR500
6266,J-タツモ
1758,J-太洋基礎
6803,ティアック
1980,ダイダン
9740,CSP
1682,白金先物ETF
6588,東芝テック
6305,日立建機
1984,J-三信建設
2001,日粉
6262,ペガサス
4784,J-GMO-AP
2282,日ハム
8898,J-センチュリー21
5905,日缶
5781,東邦金属
9173,東海船
1972,三晃金
6942,J-ソフィアHD
5612,日鋳鉄管
1481,上場日本経済貢献
9078,エスライン
5401,新日鉄住金
4987,寺岡製
4902,コニカミノルタ
7921,宝印刷
6137,小池酸工
4800,J-オリコン
4082,稀元素
6312,J-フロイント
1575,E-ChinaAMC
4307,NRI
5413,日新製鋼
5644,メタルアート
4063,信越化
3763,J-プロシップ
6841,横河電
4781,日ハウズ
6303,ササクラ
3426,J-アトムリビン
3677,J-システム情報
2128,ノバレーゼ
3308,R-日本ヘルスケア
8248,ニッセンHD
4092,日本化
1979,大気社
6707,サンケン電
1868,三井ホーム
6273,SMC
3176,三洋貿易
2503,キリンHD
3264,J-アスコット
6395,タダノ
2335,キューブシステム
3653,M-モルフォ
6194,M-アトラエ
9684,スクエニHD
9697,カプコン
6623,愛知電
9686,東洋テック
9069,センコー
8967,R-ニホンロジ
8071,東海エレ
8293,ATグループ
1726,Br.HD
8876,リロHLD
3782,M-DDS
3370,J-フジタコーポ
8166,タカキュー
6730,アクセル
6400,J-不二精機
3279,R-API
4980,デクセリアルズ
5953,昭和鉄
2378,ルネサンス
7610,J-テイツー
9303,住友倉
1944,きんでん
8697,JPX
4308,M-Jストリーム
3682,M-エンカレッジ
3393,スターティア
2112,塩水糖
8625,高木証
7510,たけびし
9742,アイネス
9075,福山運
3137,M-ファンデリー
5659,日精線
9679,J-ホウライ
8956,R-プレミア
5381,J-Mipox
8601,大和証G
4516,日本新薬
6346,キクカワ
8550,栃木銀
5268,旭コンクリ
6077,N・フィールド
1648,ダイワ銀行
8066,三谷商
3258,ユニゾHD
1916,日成ビルド
3405,クラレ
7962,キングジム
9974,ベルク
7276,小糸製
9051,J-センコン物流
2437,J-シンワアート
2689,カワニシHD
6861,キーエンス
5363,TYK
9046,神戸電鉄
3356,J-テリロジー
6274,新川
1967,ヤマト
6034,M-MRT
2418,ツカダグローバルHD
2579,コカウエスト
1688,穀物ETF
9799,旭情報
3477,M-フォーライフ
6740,JDI
5355,日坩堝
8254,さいか屋
6581,日立工機
6741,日信号
6332,月島機
8889,J-アパマンショップ
6888,J-アクモス
5204,石塚硝
6023,ダイハツデイ
2922,なとり
3286,M-トラストHD
6866,日置電
6118,アイダ
2925,J-ピックルス
9622,スペース
3099,ミツコシイセタン
2208,ブルボン
5975,東プレ
3814,J-アルファクスFS
1832,北海電工
1909,日本ドライケミカル
3145,マイコロジーT
2683,魚喜
1850,南海辰村建設
6281,J-前田製作
6369,トーヨーカネツ
1553,MXS東海
4751,サイバーエージェント
3276,日本管理
8077,小林産業
6864,J-エヌエフ回路
9065,山九
2218,日糧パン
8411,みずほ
2180,J-サニーサイド
4679,田谷
9764,技研興
6807,航空電子
3671,M-ソフトMAX
3591,ワコールHD
7980,J-重松製作
9375,近鉄エクス
6366,千代化建
3785,M-エイティンク
9969,ショクブン
9928,ミロク情報
3204,トーア紡
6282,オイレス工
8157,都築電気
6217,津田駒工
9507,四国電力
7537,丸文
8700,J-丸八証券
6280,名機製
1369,E-DIAMアセット
2666,J-オートウェーブ
6943,J-NKK
8346,東邦銀
7624,J-NaITO
9629,ピーシーエー
2749,JPHD
3826,SI
4919,ミルボン
7716,J-ナカニシ
5449,大阪製鉄
9318,アジア開発キャピタル
9870,ハナテン
6816,アルパイン
6769,J-ザイン
6349,小森
6297,J-鉱研工業
6016,神戸発動機
7636,J-ハンズマン
3319,GDO
4914,高砂香料
8996,Q-ハウスフリー
4657,J-環境管理
4217,日立化成
1314,上場新興
2045,シンガポールリート
3724,ベリサーブ
7292,村上開明
6315,TOWA
9601,松竹
1960,サンテック
8439,TC-Lease
9788,ナック
1934,ユアテック
3321,ミタチ
5344,MARUWA
8946,J-エイシアンスター
9503,関西電力
1930,北陸電工
6327,J-北川精機
6362,石井鉄
4182,菱瓦斯化
8840,大京
9040,大宝運
1757,クレアHD
8591,オリックス
7970,信越ポリマ
4464,ソフト99
5758,J-FCM
4534,持田薬
2137,A-Hヴェラス
2612,かどや製油
1775,FFE&C
9678,カナモト
3808,オウケイウェイヴ
5280,J-ヨシコン
8175,ベスト電
6944,J-アイレックス
6719,富士通コン
3830,ギガプライズ
6648,J-かわでん
7591,エクセル
6135,牧野フライス
6083,ERI HD
4596,M-窪田製薬HD
1515,日鉄鉱
9176,J-佐渡汽船
8616,東海東京
7717,Vテク
9945,プレナス
8327,西日シ銀
1636,ダイワ建設
7739,キヤノン電子
6455,モリタHD
3793,M-ドリコム
6236,NCHD
6874,J-協立電機
7226,極東開
6758,ソニー
4557,J-医学生物
8076,カノークス
7873,アーク
6035,J-IRJ HD
5990,J-スーパーツール
3969,M-エイトレッド
4099,四国化
3837,J-アドソル
7520,エコス
3896,阿波製紙
2413,エムスリー
3232,三重交通GHD
3034,クオール
3750,セブンシーズ
1405,サーラ住宅
6457,グローリー
7638,J-NEW ART
6819,J-伊豆シャボテンR
3858,J-ユビキタス
6986,双葉電子
6337,J-テセック
7481,尾家産
7466,SPK
2138,J-クルーズ
4336,J-クリエアナブキ
1579,日経レバレッジダブル
9955,J-ヨンキュウ
2882,イートアンド
1734,北弘電社
8973,R-積ハSIレジ
9997,ベルーナ
4989,イハラケミカル
4850,ダウケミカル
7855,J-カーディナル
6946,日アビオ
5279,J-日本興業
5951,ダイニチ工
4293,J-セプテーニHD
1518,三井松島
7229,J-ユタカ技研
5186,ニッタ
7883,J-サンメッセ
8918,ランド
7421,カッパ・クリエイト
4212,積水樹脂
9948,アークス
7859,アルメディオ
6653,正興電
3296,R-日本リート
3070,J-アマガサ
1956,NDS
3320,クロスプラス
6094,M-フリークアウト
5393,ニチアス
9033,広電鉄
8366,滋賀銀
1635,ダイワエネ
8190,ヤマナカ
8750,第一生命HD
7438,コンドーテック
1833,奥村組
4996,クミアイ化
9607,AOI Pro.
6040,M-日本スキー
5214,日電硝
3132,マクニカ富士エレHD
8142,トーホー
1926,ライト工
5918,滝上工
4743,アイティフォー
3249,R-産業ファ
9820,J-MTジェネック
8173,上新電
8559,豊和銀
3408,サカイオーベ
8267,イオン
9301,三菱倉
7976,三菱鉛筆
6999,KOA
1770,J-藤田エンジ
9312,ケイヒン
3087,ドトル日レス
1545,NASDAQ投信
8864,空港施設
1852,浅沼組
2573,北海コカ
7988,ニフコ
4205,日ゼオン
6947,図研
4661,OLC
6488,J-ヨシタケ
7551,J-ウェッズ
2043,アセアン50ETN
1878,大東建
8737,あかつきFG
1942,関電工
8285,三谷産業
9932,杉本商事
4674,クレスコ
9950,J-ハチバン
4577,ダイト
2811,カゴメ
8392,大分銀
7501,J-ティムコ
8133,エネクス
7564,J-ワークマン
4556,J-カイノス
3316,J-東日コンシス
3463,R-いちごホテル
3180,M-Bガレジ
6962,大真空
6916,アイオーデータ
8789,M-フィンテック
1869,名工建
5965,フジマック
3297,J-東武住販
9449,GMO
4033,日東エフシー
6877,OBARA-G
6852,J-テクノ・セブン
2211,不二家
6181,M-パートナーA
8892,日本エスコン
9957,バイテックHD
3221,ヨシックス
7735,スクリン
9412,スカパーJ
9501,東電力HD
9966,藤久
3529,アツギ
6278,ユニオンツール
9017,新潟交通
2468,M-フュトレック
9708,帝国ホテル
3904,M-カヤック
8617,光世証
8551,北日本銀
7915,日写印
4078,堺化学
3938,LINE
8119,J-三栄コーポ
2467,バルクHD
1937,西部電工
2764,ひらまつ
2411,J-ゲンダイAG
6734,J-ニューテック
6862,J-ミナトHD
3077,J-ホリイフード
2686,ジーフット
1381,J-アクシーズ
6082,ライドオンEX
2714,J-プラマテルズ
3775,ガイアックス
6838,J-多摩川HD
1589,iS米国高配当株
8595,ジャフコ
8298,J-ファミリー
8079,正栄食
9982,タキヒヨー
8225,J-タカチホ
7956,ピジョン
9780,J-ハリマビステム
6748,星和電機
7246,プレス工
9130,共栄タンカー
6750,エレコム
9504,中国電力
1590,iS米国リート
5484,J-東北鋼
7545,西松屋チェ
9467,M-アルファポリス
1427,P-ミサワハビタ
9836,J-リーバイス
4291,JIEC
1822,大豊建
8928,穴吹興産
3659,ネクソン
6478,ダイベア
2658,J-ウライ
2175,SMS
4031,片倉コープアグリ
6391,加地テック
9424,日本通信
6878,長野日無
6643,戸上電
8979,R-スターツPR
3419,C-アートグリーン
2150,M-ケアネット
7408,ジャムコ
9039,サカイ引越
4840,J-トライアイズ
3171,J-MV九州
7897,ホクシン
1871,PS三菱
2222,寿スピリッツ
1780,ヤマウラ
2786,サッポロドラッグ
7740,タムロン
3796,M-い生活
5398,日本研紙
6492,岡野バル
3639,ボルテージ
8537,大光銀
4807,旅籠屋
2432,ディーエヌエー
9068,丸全運
2305,スタジオアリス
8230,はせがわ
2425,J-ケアサービス
2216,カンロ
4452,花王
2351,M-ASJ
2883,大冷
1673,銀ETF
6967,新光電工
3664,M-モブキャス
2397,DNAチップ研
3186,ネクステージ
4238,ミライアル
9753,J-IXナレッジ
1605,国際帝石
4514,あすか薬
4754,J-トスネット
3696,M-セレス
2551,マルサンアイ
2778,J-パレモ
1566,上場EM債
6392,ヤマダコーポ
7500,J-西川計測
1919,ヤマダSXL
3673,ブロドリーフ
3756,豆蔵HD
2428,ウェルネット
4825,WNIウェザー
4581,大正薬HD
3299,M-ムゲンエステート
1420,サンヨーH
7844,マーベラス
4118,カネカ
9535,広島ガス
4623,アサヒペン
8251,パルコ
3024,J-クリエイト
7932,J-ニッピ
6494,J-NFK-HD
7832,バンナムHD
7931,未来工
7230,日信工業
3864,三菱紙
5729,日精鉱
6617,東光高岳
8181,東天紅
9357,名港海
2268,J-サーティワン
7992,セーラー
9733,J-ナガセ
1584,KODEXサムスン株
6240,ヤマシンフィルタ
5609,日鋳造
4304,J-Eストアー
7856,萩原工業
7299,フジオーゼ
3476,R-投資法人みらい
4243,J-ニックス
8987,R-エクセレント
8976,R-大和OF
3776,J-BBタワー
7833,アイフィスジャパン
8714,池田泉州
4812,ISID
2734,サーラ
1413,桧家HD
7707,M-PSS
9360,鈴与シンワ
3929,M-ソーシャルワイヤ
3727,M-APLIX
6085,M-アーキテクツSJ
8306,三菱UFJ
4045,東亜合
9980,マルコ
7561,ハークスレイ
7269,スズキ
4310,DI
2404,鉄人化計画
7581,サイゼリヤ
3772,M-ウェルス
1893,五洋建
2269,明治HD
3842,J-ネクストジェン
1883,前田道
6652,IDEC
6150,J-タケダ機械
8963,R-INV
2438,M-アスカネット
9532,大瓦斯
6245,ヒラノテクシード
9438,エムティーアイ
3551,ダイニック
2288,丸大食
3536,J-アクサスHD
2599,ジャパンF
8975,R-いちごオフィス
2715,エレマテック
8331,千葉銀
6627,M-テラプロ
6067,M-メディアF
5386,鶴弥
3020,J-アプライド
3689,M-イグニス
3668,コロプラ
7245,大同メタル
8628,松井証
7522,ワタミ
2120,ネクスト
5287,イトーヨーギョー
2388,J-ウェッジHD
2354,安川情報
9734,J-精養軒
9090,丸和運輸機関
8706,極東証券
8025,ツカモト
9385,J-ショーエイコーポ
9989,サンドラッグ
3054,J-ハイパー
4589,M-アキュセラ
7959,オリバー
3751,JAG
6084,M-オウチーノ
6277,ホソカワミクロン
4088,エア・ウォーター
3807,J-フィスコ
8624,いちよし
1803,清水建
1361,iS米国HY債
5486,日立金
7819,SHO-BI
9831,ヤマダ電機
3366,一六堂
1861,熊谷組
8704,J-トレイダーズHD
8006,ユアサフナ
5410,合同鉄
3144,インフォース
4776,CYBOZU
2903,シノブフーズ
7162,J-アストマックス
9027,ロジネットJ
7851,カワセコンピュ
6062,J-チャームケア
2747,J-北雄ラッキー
1399,上場高配当低ボラ
2810,ハウス食G
6111,旭精機
3726,フォーシーズHD
6798,SMK
5423,東製鉄
1719,安藤ハザマ
5448,J-東京鋼鐵
6969,松尾電機
4462,石原ケミカル
7102,日車輌
1961,三機工
5981,東製綱
1464,大和J400ダブル
4666,パーク24
5956,トーソー
1417,ミライトHD
2830,アヲハタ
6072,M-地盤ネットHD
4544,みらかHD
4635,東インキ
3688,VOYAGE
9531,東瓦斯
3422,丸順
8725,MS&AD
4582,J-シンバイオ製薬
2481,J-タウンニュース
2484,J-夢の街創造委員会
3002,グンゼ
8708,アイザワ証
1989,北陸電話工事
8707,岩井コスモ
3361,トーエル
1892,徳倉建
7464,J-セフテック
7532,ドンキホーテHD
9506,東北電力
3442,MIEコーポ
2359,コア
3651,P-トライアンフ
6905,コーセル
1686,メタルETF
8260,井筒屋
8518,アジア投資
6932,遠藤照明
9083,神姫バス
8462,J-FVC
4978,J-リプロセル
7262,ダイハツ工
6136,OSG
3053,M-ペッパー
2375,スリープロ
3698,M-CRI・MW
7612,J-Nuts
9446,J-エスケーアイ
1391,UBSスイス株
1549,上場インド
1548,上場チャイナ
7309,シマノ
6073,アサンテ
1322,上場パンタ
8958,R-グロバル
8473,SBI
3625,J-テックファーム
1639,ダイワ自動
5456,J-朝日工業
2405,FJK
5388,クニミネ工業
5976,ネツレン
8746,J-第一商品
3242,J-アーバネット
5391,A&Aマテリアル
6858,小野測器
8214,AOKI HD
6164,J-太陽工機
3035,J-KTK
4113,田岡化学工業
4335,J-IPS
2445,SRGタカミヤ
2489,M-ADWAYS
6045,M-レントラックス
3263,R-ハウスリート
3068,J-WDI
8036,日立ハイテク
2588,プレミアムウォーター
2461,ファンコミ
3252,日本商業開発
1626,情通サ他
3280,エストラスト
7815,東京ボード工業
9543,静岡ガス
9873,日本KFC
8316,三井住友
2415,J-ヒューマンHD
5110,住友ゴム
1389,UBS英国大型100
1873,日本ハウスHD
9551,メタウォーター
9307,杉村倉庫
1905,J-テノックス
8715,アニコム HD
1437,P-ピースリビング
1570,日経レバETF
6324,J-ハーモニック
2742,ハローズ
6185,M-SMN
3040,J-ソリトン
6078,バリューHR
3185,M-夢展望
7871,フクビ化学工業
8184,島忠
3136,A-エコノス
9066,日新
8893,J-新日建物
2928,A-RIZAP G
1882,東亜道
8511,日証金
9202,ANA
6810,日立マクセル
7769,リズム時
5262,日ヒューム
1945,東京エネシス
3110,日東紡
7161,じもとHD
8527,愛知銀
5342,ジャニス工
3109,シキボウ
8383,鳥取銀
8001,伊藤忠
3184,ICDA・HD
2132,アイレップ
6794,フォスター電
3854,J-アイル
2114,フジ日本
8985,R-JHR
7278,エクセディ
1363,iS米国債七-十年
4023,クレハ
6092,M-エンバイオHD
4958,長谷川香
6074,J-JSS
7908,KIMOTO
1597,MXS Jリート
8848,レオパレス21
2767,フィールズ
6668,アドテック プラズマ
3770,ザッパラス
1392,UBS英国株
1672,E-ETFS
1388,UBS欧州通貨圏小型
1387,UBS欧州通貨圏株
2872,セイヒョー
1649,ダイワ金融
3415,M-STUDIOUS
8150,三信電気
4222,児玉化
6086,M-シンプロメンテ
5726,大阪チタ
8739,J-スパークス G
9787,イオンディライ
3094,J-スーパーV
8170,アデランス
4531,有機薬
7997,くろがね工作所
6882,三社電機製作所
2692,伊藤忠食
7420,佐鳥電機
6095,M-メドピア
4555,沢井薬
9087,J-タカセ
9073,J-京極運輸
4760,J-アルファ
4022,ラサ工
3943,大石産
3669,モバクリ
6755,富士通ゼ
2389,オプトホールディング
7465,J-MV北海道
2931,ユーグレナ
3624,M-アクセルM
3930,M-はてな
1377,サカタのタネ
1390,UBSアジア太平洋株
3627,ネオス
1580,225インバース
6787,J-メイコー
3606,レナウン
7836,J-アビックス
9641,J-サコス
3236,J-プロパスト
8208,J-エンチョー
8508,Jトラスト
6087,アビスト
9889,JBCC HD
2290,米久
2124,JAC
3141,ウエルシアHD
2791,大黒天
6881,キョウデン
3439,J-三ツ知
7434,J-オータケ
3915,M-テラスカイ
1323,南ア40連動投信
4922,コーセー
6941,山一電機
8904,サンヨーナゴヤ
8374,三重銀
6814,古野電気
2048,高配株$ヘッジETN
7298,J-八千代工
1881,NIPPO
4712,J-アドアーズ
7014,名村造船
3384,アークコア
4356,J-応用技術
8137,サンワテクノス
5938,LIXIL G
4971,メック
1946,トーエネック
3941,レンゴー
3907,M-シリコンスタジオ
3823,M-アクロデア
2058,ヒガシマル
3191,ジョイフル本田
3892,J-岡山製紙
4973,高純度化
4564,M-OTS
3057,ゼットン
2493,J-イーサポート
9505,北陸電力
4793,J-BSC
1384,ホクリヨウ
4765,J-モーニングスター
7515,マルヨシセンター
6508,明電舎
6172,M-メタップス
7837,J-アールシーコア
3260,エスポア
7608,SKジャパン
7903,名木材
6985,ユーシン
4777,J-ガーラ
7821,前田工繊
4645,J-市進HD
6840,J-AKIBA
4348,J-インフォコム
6075,M-フォトクリ
7435,J-ナ・デックス
8046,丸藤パイル
1679,NYダウ
7570,橋本総業HD
4951,エステー
5821,平河ヒューテ
3711,J-創通
1407,J-ウエストHD
6641,日新電
8699,J-澤田HD
3292,R-イオンリート
8249,テクノアソシエ
1344,MXSコア30
2325,NJS
8135,ゼット
6027,M-弁護士ドットコム
5991,ニッパツ
4558,J-中京医薬
6319,シンニッタン
6832,アオイ電子
7422,J-東邦レマック
1650,ダイワ不動
6845,アズビル
7963,J-興研
1647,ダイワ小売
6025,C-日本PCサービス
1646,ダイワ商社
6503,三菱電
1644,ダイワ電力
3925,M-DS
6049,M-イトクロ
1640,ダイワ鉄鋼
2326,デジアーツ
7951,ヤマハ
5461,中部鋼鈑
4551,鳥居薬
1634,ダイワ食品
5607,中央可鍛
1465,大和J400ベア
8766,東京海上
7412,アトム
6625,J-JALCO HD
8622,水戸証
6186,一蔵
3678,M-メディアドゥ
7594,マルカキカイ
3670,J-協立情報通信
8953,R-リテールファ
7826,J-フルヤ金属
8909,J-シノケンG
2930,北の達人
9824,泉州電業
8908,J-毎コムネット
7818,トランザクション
4004,昭電工
3464,J-プロパティA
9409,テレビ朝日HD
6373,大同工
1587,iS米国超大型株
4404,ミヨシ油脂
6928,J-エノモト
6501,日立
6432,竹内製作所
7404,昭和飛
8986,R-日賃貸
5632,三菱製鋼
3719,J-ジェクシード
5967,TONE
6173,M-アクアライン
2479,J-ジェイテック
6908,J-イリソ電子
2158,M-UBIC
1347,上場グリチ
8585,オリコ
5993,知多鋼
7018,内海造
7983,ミロク
4665,ダスキン
3271,グロバル社
8685,AIG
3630,電算システム
2455,名学館HD
3349,コスモス薬品
2033,KOSPIブル
3281,R-GLP
4917,マンダム
1680,上場MSコク
3192,J-白鳩
2453,JBR
3402,東レ
3069,J-アスラポート
2060,フィード・ワン
8257,J-山陽百貨
4684,オービック
7713,J-シグマ光機
7157,M-ライフネット
2760,東エレデバ
2651,ローソン
7260,富士機工
1924,パナホーム
1301,極洋
3073,ダイヤモンドD
9612,ラックランド
9044,南海電鉄
3161,アゼアス
3315,日本コークス
8086,ニプロ
7968,TASAKI
9014,新京成
1593,MXS400
7751,キヤノン
3177,J-ありがとうS
1771,日本乾溜
4530,久光薬
2168,パソナ
9413,テレ東HD
7607,進和
6775,TBグループ
3908,M-コラボス
3168,黒谷
2706,J-ブロッコリー
5631,日製鋼所
3148,クリエイトSDH
9826,JEUGIA
7886,J-ヤマト・インダ
3228,三栄建築
3059,ヒラキ
6196,M-ストライク
3742,M-ITBOOK
8075,神鋼商
1456,大和225ベア
2871,ニチレイ
9818,大丸エナ
7719,東京衡機
4746,東計電算
5805,昭電線HD
9782,J-ディーエムエス
8171,MV中部
1721,コムシスHD
4298,J-プロトコーポ
2176,J-イナリサーチ
4367,広栄化学工業
9101,郵船
7519,J-五洋インテ
3912,M-モバファク
9906,J-藤井産業
1333,マルハニチロ
4463,日華化学
3294,イーグランド
8894,原弘産
3360,シップHD
3387,クリレスHD
4185,JSR
7565,萬世電機
4659,J-エイジス
4752,J-昭和システム
2743,J-ピクセル
6042,ニッキ
4833,J-ぱど
4288,J-アズジェント
7857,J-セキ
6658,J-シライ電子
3347,トラスト
1820,西松建
3032,ゴルフ・ドゥ
6465,ホシザキ
2471,J-エスプール
9872,北恵
7222,日産車体
6482,ユーシン精機
5020,JX
5482,愛知鋼
6756,日立国際
8740,J-フジトミ
1973,NESIC
8519,ポケットC
2477,M-比較
2108,甜菜糖
6497,J-ハマイ
9305,ヤマタネ
2730,エディオン
8940,インテリックス
8818,京阪神ビ
1801,大成建
7514,ヒマラヤ
6486,イーグル工
2304,J-CSSHD
1430,M-ファーストコーポ
5962,浅香工業
3902,MDV
7432,J-ダルトン
8168,ケーヨー
5989,J-エイチワン
1789,J-山加電業
6069,M-Trends
2329,J-東北新社
6771,池上通
8844,J-コスモスイニシア
5217,J-テクノクオーツ
8521,長野銀
8167,リテールパートナーズ
9837,モリト
2654,アスモ
2710,J-CSロジネット
3697,M-SHIFT
7974,任天堂
9861,吉野家HD
8194,ライフコーポ
8387,四国銀
7889,J-桑山
7731,ニコン
2038,原油ブル
2729,JALUX
8930,リビングギャラリー
6330,洋エンジ
7513,コジマ
3741,J-セック
1966,高田工業所
7748,J-ホロン
5946,長府製
4755,楽天
4680,ラウンドワン
7618,PCDEPOT
2726,パルグループHD
9036,J-東部ネット
5809,タツタ線
2705,J-大戸屋HD
2178,M-トライSTG
6066,P-新東京
5943,ノーリツ
7577,J-パスポート
1346,MXS225
4920,J-日本色材
8742,小林洋行
6149,J-小田原エン
5706,三井金
4735,京進
1939,四電工
3951,朝日印刷
8356,十六銀
1385,UBSユーロ圏株50
3766,J-システムズD
9914,J-植松商会
9127,玉井商船
7630,壱番屋
1429,M-日本アクア
2294,J-柿安本店
6752,パナソニック
4678,秀英
7490,日新商
2153,イージェイHD
6786,RVH
4714,リソー教育
1613,電機
8279,ヤオコー
8363,北国銀
4733,OBC
2502,アサヒ
3317,J-フライングG
5922,那須鉄
5301,東海カーボ
4668,明光ネット
3080,J-ジェーソン
2736,J-サダマツ
7279,ハイレックス
3455,R-HCM
6335,東京機
1812,鹿島
7879,ノダ
7870,福島印
6857,アドバンテス
4960,ケミプロ化成
6018,阪神内燃機工業
9074,日石輸
9823,J-マミーマート
8129,東邦HD
9972,アルテック
9471,文渓堂
6064,M-アクトコール
9744,メイテック
6101,ツガミ
6298,ワイエイシイ
3924,ランドコンピュータ
6498,キッツ
9973,J-小僧寿し
3676,HUG
8925,アルデプロ
9517,イーレックス
6334,明治機
7613,シークス
9322,川西倉庫
4102,丸尾カルシウム
9778,J-昴
2768,双日
8013,ナイガイ
9956,バローHD
6480,日トムソン
2300,J-きょくと
4911,資生堂
9687,J-KSK
9904,ベリテ
9995,イーストン
4324,電通
9439,J-MHグループ
6897,ツインバード
7776,J-セルシード
9735,セコム
2139,中広
1677,上場外債
2393,日本ケア
4098,チタン工
7601,ポプラ
8609,岡三
4676,フジHD
5982,マルゼン
3036,アルコニックス
9924,ドミ―
6343,フリージアマク
3839,J-ODK
5802,住友電工
4725,CACHD
1638,ダイワ医薬
9835,ジュンテンド
8589,アプラスF
2004,昭和産
9640,J-セゾン情報
3170,J-アイセイ薬局
7894,丸東産
8127,ヤマトインター
3655,ブレインパッド
7779,M-サイバダイン-議
7975,リヒトラブ
3459,R-サムティレジ
5218,オハラ
1805,飛島建
4689,ヤフー
3323,J-レカム
1588,iS米国小型株
7172,M-JIA
7635,J-杉田エース
3179,シュッピン
6655,洋電機
6820,アイコム
8282,ケーズHD
7460,ヤギ
3021,PCNET
9232,パスコ
5018,MORESCO
3101,東洋紡
3632,グリー
3063,M-jGroup
5942,日フイルコン
7874,レック
6058,ベクトル
6360,東自機
7945,コマニー
4345,シーティーエス
7578,J-ニチリョク
8982,R-TOPリート
5949,ユニプレス
3050,DCM
9992,J-理研グリン
6662,J-ユビテック
2174,GCA
8890,J-レーサム
2369,M-メディビ
3665,M-エニグモ
3909,M-ショーケースTV
4816,J-東映アニメ
6961,エンプラス
3407,旭化成
5395,理コランダ
4972,J-綜研化学
7443,J-横浜魚類
3193,鳥貴族
8793,NECキャピ
3038,神戸物産
3553,共和レザー
5273,三谷セキサン
3418,M-バルニバービ
3687,M-フィックスターズ
4549,栄研化
3156,UKCHD
5021,コスモエネルギーHD
6701,NEC
1554,上場MS世
6272,レオン自機
6030,M-アドベンチャー
2780,コメ兵
2914,JT
9317,オーナミ
4543,テルモ
3266,J-ファンドクリG
6112,小島鉄
7648,トーカン
3649,ファインデックス
4317,J-レイ
4826,CIJ
7918,J-ヴィアHD
3157,J-ジューテックHD
2655,MV東北
2362,J-夢真HD
2374,J-セントケアHD
9979,大庄
8028,ユニー・ファミマ
2795,J-プリメックス
3769,GMOPG
2593,伊藤園
2462,ライク
4401,ADEKA
1577,高配当70
8529,第三銀
9029,ヒガシ21
4344,ソースネクスト
1561,国際VX中先
8130,サンゲツ
8203,MrMax
2226,J-湖池屋
7611,ハイデ日高
4548,生化学
3956,J-国際チャート
9304,渋沢倉
4975,JCU
3103,ユニチカ
3113,Oak
8165,千趣会
2370,M-MDNT
9419,M-ワイヤレスG
4536,参天薬
3832,J-T&CMS
8931,J-和田興産
9086,日立物流
8705,J-岡藤HD
3916,J-DIT
4343,イオンファン
6146,ディスコ
2719,キタムラ
6182,M-ロゼッタ
7749,J-メディキット
6481,THK
3234,R-森ヒルズ
8185,チヨダ
9852,J-CBグループ
3244,サムティ
1419,タマホーム
8806,ダイビル
8163,サトRS
4579,J-ラクオリア創薬
1997,J-暁飯島
7287,日本精機
6079,M-エナリス
7272,ヤマハ発
9055,アルプス物
8018,三共生興
6267,J-ゼネパッカー
1576,E-中国南方アセット
7603,J-マックハウス
5900,J-ダイケン
9433,KDDI
6628,J-オンキヨー
6103,オークマ
3765,ガンホー
6469,J-放電精密
4921,ファンケル
2784,アルフレッサHD
9358,宇徳
5411,JFE
2157,J-コシダカHD
9990,サックスバーHD
5702,大紀アルミ
4704,トレンド
1401,M-エムビーエス
3800,J-ユニリタ
8179,ロイヤルHD
7595,アルゴグラフ
9282,I-いちごグリーン
9602,東宝
5817,JMACS
4301,アミューズ
6911,新日無
6210,東洋機械
3202,大東紡
6396,宇野沢鉄
5357,ヨータイ
7472,J-鳥羽洋行
1321,225投信
7314,J-小田原機
6586,マキタ
5103,昭和HD
1418,J-インターライフ
3066,JBイレブン
8287,MV西日本
2926,篠崎屋
8886,J-ウッドフレンス
8362,福井銀
8060,キヤノンMJ
3658,イーブック
4998,フマキラー
4992,北興化
9072,ニッコンHD
2664,カワチ薬品
4242,J-タカギセイコー
4046,大阪ソーダ
4829,日本エンタープライズ
9946,ミニストップ
3654,ヒトコム
7777,J-3Dマトリックス
7869,J-日本フォーム
5932,三協立山
3022,山下医
2379,ディップ
1921,巴
2687,CVSベイ
4362,日本精化
7485,岡谷鋼機
7239,タチエス
1683,E-みずほETF
7451,三菱食品
7554,幸楽苑HD
5017,富士石油
6145,J-日特エンジ
3181,J-買取王国
2170,LINK&M
2789,J-カルラ
2292,S FOODS
3333,あさひ
9927,J-ワットマン
6518,J-三相電機
1362,iS新興国債券
4282,EPS
4527,ロート薬
1911,住友林
3153,八洲電機
4801,セントラルSP
8540,福岡中銀
4929,アジュバン
6925,ウシオ電
6403,J-水道機工
5445,東京鉄
2656,J-ベクター
4229,群栄化
4763,J-C&R社
1547,上場米国
9376,J-ユーラシア
2659,サンエー
4327,J-日本SHL
3371,ソフトクリエHD
3344,J-ワンダーCo.
4928,ノエビアHD
9085,中央バス
3646,M-駅探
5973,トーアミ
2122,M-Iスペース
3134,M-Hamee
9536,西部瓦斯
9077,名鉄運
3011,バナーズ
7201,日産自
9993,ヤマザワ
1586,上場TPX除く金融
4673,J-川崎地質
7604,梅の花
6964,サンコー
8273,イズミ
7829,M-サマンサJP
1585,ダイワEX-F
7718,スター精密
7247,ミクニ
9399,新華
3139,ラクト・ジャパン
7453,良品計画
8614,東洋証
5969,ロブテックス
3380,春うらら
9414,BS11
7415,J-新星堂
4745,東京個別
3453,R-ケネディクス商業
3116,トヨタ紡織
1637,ダイワ素材
4272,日化薬
6256,J-ニューフレア
3382,7&iHD
2669,J-カネ美食品
8324,第四銀
5310,東洋炭素
7148,FPG
7312,タカタ
3399,J-山岡家
2164,J-地域新聞社
9233,アジア航測
7506,ハウスローゼ
9045,京阪HD
5283,J-高見澤
1712,ダイセキS
4847,J-インテリW
7725,インターアク
8174,日瓦斯
9900,サガミチェーン
2817,J-ギャバン
3850,M-NTTDIM
7445,ライトオン
9367,J-大東港運
3030,J-ハブ
5610,大和重
3282,R-コンフォリア
2044,米国配当貴族ETN
2395,新日科学
5757,CKサンエツ
3250,ADワークス
3222,U.S.M.H
6044,J-三機サービス
8332,横浜銀
5815,沖電線
9765,オオバ
2480,J-シスロケ
6458,新晃工業
4918,J-アイビー
1807,J-佐藤渡辺
9417,J-スマートバリュー
2722,J-アイケイ
3848,J-データアプリ
3097,物語コーポ
8289,OlympicG
5015,BPカストロール
2424,M-ブラス
2193,COOKPAD
9007,小田急
6823,リオン
3201,ニッケ
3278,R-ケネディレジ
5471,大同特鋼
3549,クスリのアオキHD
9743,丹青社
3167,TOKAI HD
3815,M-メディア
1349,E-SSGA-SIN
3160,大光
4719,アルファ
7752,リコー
4503,アステラス薬
3953,J-大村紙業
6809,TOA
6050,M-EG
5907,JFEコンテイナ
7261,マツダ
3674,M-オークファン
3165,J-フーマイエレ
6639,コンテック
6859,エスペック
4326,インテージHD
9812,J-テーオー
7995,日バルカー
6788,日本トリム
3906,M-ALBERT
3680,M-ホットリンク
3197,すかいらーく
3791,J-IGポート
1798,J-守谷商会
6539,M-MS-Japan
1313,KODEX200
6089,ウィルグループ
5911,横河ブHD
8955,R-Jプライム
1814,大末建
8278,フジ
7730,マニー
3196,ホットランド
8020,兼松
3917,M-アイリッジ
6963,ローム
6594,日本電産
2762,三光MF
2266,六甲バター
1739,J-SEEDH
2685,アダストリア
5451,淀川鋼
2487,J-CDG
6476,J-富士テクニカ宮津
1327,EASY商品
4824,M-メディアS
1723,J-日本電技
5453,洋鋼鈑
1938,日リーテック
6295,富士変速
9936,王将フード
3824,Q-メディア5
6930,J-日本アンテナ
6299,神鋼環境
8897,タカラレーベン
2801,キッコマン
2459,M-アウン
7214,GMB
6047,M-Gunosy
2303,J-ドーン
3169,ミサワ
7459,メディパル
4346,NEXYZ.
3205,ダイドー
3528,プロスペクト
1379,ホクト
2436,J-共同PR
8016,オンワードHD
8972,R-ケネディオフィス
3441,J-山王
7841,J-遠藤製作
4369,J-トリケミカル
9418,U-NEXT
7215,ファルテック
1555,上場Aリート
7555,J-大田花き
4728,トーセ
3178,チムニー
8710,Citi
3341,日本調剤
3501,住江織物
7946,光陽社
6097,日本ビューホテル
1345,上場Jリート
3440,Q-日創プ
8141,新光商
6635,J-大日光
1847,イチケン
5444,大和工
8029,ルック
9110,ユナイテド海
6723,ルネサス
8560,宮崎太銀
7619,田中商事
4792,J-山田コンサル
6147,J-ヤマザキ
1376,カネコ種苗
4694,BML
6920,レーザーテック
9206,SFJ
2876,J-JCコムサ
8421,Y-信中金
3610,P-はかた匠工芸
3457,M-ハウスドゥ
5463,丸一鋼管
6323,J-ローツェ
9816,J-ストライダーズ
4761,さくらKCS
7741,HOYA
4575,M-CANBAS
4834,キャリアバンク
9892,J-卑弥呼
8002,丸紅
6860,パナSUNX
7203,トヨタ自
9959,アシードHD
6537,M-WASHハウス
1562,YMアジ日
2802,味の素
3645,M-JMNC
9978,J-文教堂HD
4651,サニックス
2406,J-アルテHD
9986,蔵王産業
2021,i商品
3927,M-アークン
9903,J-カンセキ
9099,C&FロジHD
8933,NTT都市
3636,三菱総研
6061,J-ユニバ園芸
7872,As-meエステール
7013,IHI
4912,ライオン
1671,WTI原油ETF
8131,ミツウロコGHD
9846,天満屋ス
9977,J-アオキスーパー
6777,J-SANTEC
7189,西日本FH
8732,マネパG
7768,ジェコー
4593,M-ヘリオス
3045,カワサキ
2341,J-アルバイトタイ
3903,gumi
9647,J-協和コンサル
6479,ミネベアミツミ
6645,オムロン
1473,DIAM・トピックス
8219,青山商
9171,栗林船
1572,H株レバレッジダブル
8182,いなげや
8566,リコーリース
4361,川口化
2670,ABCマート
5216,J-倉元
3840,M-PATH
2652,まんだらけ
2806,ユタカフーズ
2681,ゲオHD
4461,第一工業
2769,J-ヴィレッジV
6448,ブラザー
4320,CEHD
3926,M-オープンドア
9934,因幡電産
2398,ツクイ
9024,西武ホールディングス
4284,ソルクシーズ
2136,J-ヒップ
1949,住友電設
7509,J-アイエーG
7605,J-フジコーポ
3046,JIN
6183,ベル24HD
2317,システナ
1896,大林道
9675,常磐興
7122,近畿車輌
8158,ソーダニッカ
3691,M-リアルワールド
6474,不二越
7987,ナカバヤシ
7231,トピー工
9179,川崎近船
9661,歌舞伎
4235,J-第一化成
5199,J-不二ラテ
7758,セコニックHD
3788,GMOクラウド
7849,J-スターツ出版
1326,SPDRゴール
4576,J-DWTI
1716,J-第一カッター
3398,クスリのアオキ
2215,第一パン
6615,UMCエレ
5356,美濃窯
5108,ブリヂス
2538,JFLA
3580,小松精練
7181,かんぽ生命保険
2676,高千穂交
6271,ニッセイ
6306,日工
3043,J-モジュレ
4563,M-アンジェス
4750,ダイサン
7505,扶桑電通
4625,J-アトミクス
6632,JVCKW
8381,山陰合銀
3328,M-BEENOS
7745,A&D
1959,九電工
6977,日抵抗器
6345,アイチ
7744,ノーリツ鋼機
9709,NCS&A
5341,アサヒ衛陶
7170,P-中央グループ
7643,J-ダイイチ
6355,住友精密
6676,メルコ
5284,J-ヤマウ
8386,百十四銀
6005,三浦工
1994,J-高橋ウォール
2003,日東富士
8061,西華産
3390,J-USシステムズ
4967,小林製薬
6849,日本光電
3693,P-イーカムトゥルー
4117,川崎化
4956,コニシ
8945,M-社宅S
2831,はごろも
3325,M-ケンコーコム
5201,旭硝子
1728,J-ミサワ中国
1386,UBS欧州株
6952,カシオ計
1460,MXS Jクオ
9026,メディアサポート
2761,J-トシンG
3921,M-ネオジャパン
1365,大和225ダブル
3967,M-エルテス
4901,富士フイルム
2693,J-YKT
9638,J-情報技術
4321,ケネディクス
9625,J-セレスポ
3376,オンリー
9058,トランコム
3284,フージャース
8143,ラピーヌ
4206,アイカ工
3004,神栄
1931,日本電通
2035,日経VI
4507,塩野義薬
9380,東海運
9722,藤田観
3353,J-メディ一光
7813,M-プラッツ
6891,J-イーター電機
6965,浜松ホトニク
3431,宮地エンジ
6806,ヒロセ電
9747,アサツーDK
6048,M-デザインワン
7502,J-プラザクリエ
7936,アシックス
9876,J-コックス
3803,J-イメージ情
1457,大和TPXベア
3760,J-ケイブ
2540,養命酒
9941,J-太洋物産
7902,J-ソノコム
7211,三菱自
2309,シミックHD
7835,J-ウィズ
3223,J-エスエルディー
2224,J-コモ
2754,J-東葛HD
1466,大和J400ダブベア
5476,高周波
7771,J-日本精密
1368,大和TPXダブルベア
3377,バイク王
6754,アンリツ
8037,カメイ
6656,M-INSPEC
3300,M-AMBITION
9716,乃村工芸
6958,CMK
4923,COTA
8692,だいこう
9142,JR九州
3593,ホギメディ
7450,J-サンデー
4690,J-日パレット
6993,AGCap
8648,BAC
7714,モリテックス
9696,J-ウィザス
4767,TOW
4592,M-サンバイオ
2792,ハニーズ
6142,富士精工
9731,白洋舎
2818,ピエトロ
2750,J-石光商事
1552,VIX短期先物
2798,Y’s
9898,J-サハダイヤ
6929,日セラミック
4286,レッグス
2735,ワッツ
3667,enish
2753,あみやき
7891,J-日本ユピカ
7590,J-タカショー
1964,中外炉
6036,M-KeePer技研
1305,ETF・TPX
1596,NZAM Ex―F
1479,大和MSCI人材設備
2733,あらた
1582,iSエマージング株
8304,あおぞら
3777,J-ジオネクスト
5008,東亜石
9792,ニチイ学館
3966,M-ユーザベース
1573,H株インバース
8951,R-ビルF
8155,三益半導
7219,J-HKS
8905,イオンモール
5101,浜ゴム
2331,ALSOK
4042,東ソー
6264,M-マルマエ
8903,J-サンウッド
4027,テイカ
3374,J-内外テック
2228,J-シベール
9644,J-タナベ経営
8154,加賀電子
1432,P-動力
7585,J-かんなん
6143,ソディック
4842,J-USEN
8008,4°C HD
4041,日曹達
8201,さが美
7175,J-今村証券
2006,東福粉
4766,ピーエイ
1581,iS先進国株
8095,イワキ
1914,日基礎
2678,アスクル
9281,I-タカラインフラF
6046,M-リンクバル
1591,JPX日経400
1698,上場配当
8151,東陽テクニカ
7544,スリーエフ
1308,E-日興アセット
1476,iSJリート
3295,R-ヒューリックRE
6093,J-エスクローAJ
6638,Mimaki
3451,R-トーセイ・リート
6413,理想科学
2607,不二製油G
9003,相鉄HD
1567,MXSリスク5
2927,J-AFC-HD
9302,三井倉HD
6988,日東電
9663,ナガワ
6039,M-日本動物高度医療
6762,TDK
1982,日比谷設
8078,阪和興
6974,日インター
9717,ジャステック
1736,J-オーテック
4203,住友ベーク
3436,SUMCO
3227,R-MidCity
2662,ダイユーエイト
2594,キーコーヒー
5142,アキレス
3437,J-特殊電極
6371,椿本チエイン
8545,関西ア銀
2336,富士テクノソリュー
8630,SOMPOHD
4955,アグロカネショウ
4109,ステラケミファ
3802,A-エコミック
2031,N-野村のNOTES
6096,M-レアジョブ
7979,松風
9651,J-日プロ
9028,ゼロ
8952,R-ジャパン
9313,丸八倉
9691,J-両毛システム
3269,R-ADR
3462,R-NMF
5909,コロナ
6951,日電子
2449,J-プラップJ
9996,J-サトー商会
8237,松屋
6489,前沢工
4208,宇部興
6654,不二電機工業
1550,MXS外株
3526,芦森工
9767,日建工学
6516,山洋電気
3198,SFPダイニング
2221,J-岩塚製菓
4965,J-曽田香料
7840,フラベッドH
6718,アイホン
7504,高速
1595,NZAM Jリート
3067,東京一番フーズ
6837,J-京写
2809,キユーピー
2698,キャンドゥ
9635,武蔵野興
8802,三菱地所
9310,トランスシティ
6848,東亜ディーケーケー
6747,KIHD
3151,バイタルKSK
5698,エンビプロHD
7433,伯東
8218,コメリ
2464,M-BBT
8604,野村
9976,J-セキチュー
8944,ランビジネス
8771,Eギャランティ
9035,第一交通
2752,J-フジオフード
4586,M-メドレック
8045,J-横浜丸魚
4974,M-タカラBIO
8350,みち銀
6966,三井ハイテク
8929,青山財産
7176,P-シンプレクスFH
7994,岡村製
8586,日立キャピ
7487,小津産業
8887,J-リベレステ
3358,J-ワイエスフード
2488,J-日本サード
8104,クワザワ
4662,フォーカスシステムズ
4612,日ペイントHD
7399,J-ナンシン
2408,J-KG情報
9736,J-白青舎
7971,東リ
4465,ニイタカ
2172,A-インサイト
6506,安川電
3251,M-PMO
8140,リョーサン
1574,MXSリスク10
2400,J-Sケアメッセージ
6640,第一精工
8233,高島屋
7899,J-MICS化学
1929,日特建
3900,M-クラウドワークス
3105,日清紡HD
8068,菱洋エレク
3822,Minori
2590,DyDo
6496,中北製作所
4720,J-城南進研
1724,J-シンクレイヤ
3608,TSI HD
9983,ファーストリテ
1681,上場MSエマ
6289,技研製作所
6727,ワコム
7865,J-ピープル
4333,東邦システム
8954,R-オリックスF
7463,アドヴァン
8039,築地魚
7950,デコラックス
8368,百五銀
9909,J-愛光電気
7649,スギHD
6664,J-オプトエレクト
9365,トレーディア
8841,テーオーシー
9377,J-エージーピー
8709,J-インヴァスト証券
1610,ETF・電機
1366,大和225ダブルベア
8043,スターゼン
4538,扶桑薬
8783,J-GFA
2131,アコーディア
8613,丸三証
2805,エスビー食
6674,GSユアサ
8964,R-フロンティア
6255,M-NPC
4732,USS
2372,アイロムG
9885,シャルレ
8198,MV東海
2185,J-シイエム・シイ
8682,MSアジア
3901,J-マークラインズ
4621,ロックペイント
8338,筑波銀行
1433,M-ベステラ
2668,タビオ
4043,トクヤマ
7846,パイロット
1431,Q-エスケーホーム
8186,J-大塚家具
3878,巴川紙
6935,日デジタル
2904,一正蒲鉾
8085,ナラサキ
8291,日産東HD
2788,アップル
2613,Jオイル
7483,ドウシシャ
3940,J-ノムラシステム
8398,筑邦銀
6753,シャープ
8097,三愛石
2901,J-石垣食品
5234,デイシイ
1783,J-アジアゲートHD
8961,R-森トラスト
4611,大日塗料
5950,日本パワーファス
1329,iS225
3692,M-FFRI
7925,前沢化成
8349,東北銀
7177,J-GMOクリック
4653,ダイオーズ
9445,Fテレコム
9680,共成レンテム
2776,J-クリムゾン
4832,JFE-SI
6997,日ケミコン
4875,J-メディシノバ
7452,J-マツヤ
2442,アイ・ラーニング
7853,フード・プラネット
3175,APカンパニー
3521,エコナックHD
6307,サンセイ
2429,J-ワールドHD
1583,iSフロンティア株
3946,トーモク
8031,三井物産
4705,J-クリップ
7227,アスカ
4368,扶桑化学
8053,住友商
3058,J-三洋堂HD
7847,J-グラファイトD
6768,タムラ製
6198,M-キャリア
8686,AFL
8309,三住トラスト
7167,足利ホールディングス
4650,J-SDエンター
5195,バンドー化
6331,菱化工機
7640,トップカルチャ
8934,サンフロンティア
8359,八十二銀
3851,J-日本一S
7916,光村印
2023,iメタル
7701,島津製
1776,三住道路
2894,石井食
8202,ラオックス
1641,ダイワ機械
3863,日本紙
9603,H.I.S.
9888,J-UEX
3199,綿半ホールディングス
